name;email;age;role
Fernando;fernandorar@gmail.com;23;
Jorge;Jorge@gmail.com;34;
ricardo;ricardo@gmail.com;-12;
Luffy;Luffy@Mugiwara.com; ;admin
Zoro;Zoro@Marimo.com;21;
;Sanji@Simp.com; ;
Auron;Auron@gmail.com;23;
Jefer;Jefer@yahoo.com; ;
Santos;Santos9@outlook.es;23;
Oscar;Oscar@outlook.es;22;
Billy;Billy@gmail.com;21;
Javier;Javier@gmail.com;19;
